year,bottom50,next40,top10,top100,top1000
1960,,,,,
1961,,,,,
1962,20.88425373541999,54.20624858347776,24.90949768110226,4.777528596761021,0.5855473329164362
1963,21.334636592361043,54.0381886470922,24.62717476054677,4.71127871823423,0.6097955381898539
1964,21.791970029037717,53.8675351084631,24.340494862499177,4.644006431647098,0.6344179563836818
1965,22.473826593627898,53.400923712817075,24.125249693555027,4.594227115470855,0.6293540361399954
1966,23.16112041232276,52.930591469036656,23.908288118640574,4.544050849547021,0.6242497352318693
1967,23.44204475328094,52.41972143880429,24.13823380791477,4.681776493079867,0.6256985912535262
1968,23.4973582989135,52.40451119262779,24.098130508458706,4.658240973123327,0.6204429510764764
1969,23.503104461561243,52.36777704825113,24.12911849018762,4.67495897198819,0.6555119799761044
1970,23.067455563459657,52.611920346166606,24.320624090373723,4.790146085877152,0.6858384055702423
1971,22.504247528784042,52.92384163295844,24.571910838257505,4.896979431442023,0.7274995993594837
1972,22.39308999058953,52.98113927920169,24.625770730208778,4.943989998297786,0.7713275869504269
1973,22.567625740609493,52.605008787316535,24.827365472073982,5.076509086033014,0.8460827479419663
1974,22.604780787222218,52.48759364941331,24.90762556336447,5.271681544027395,0.9385597972076557
1975,22.338325711889915,52.8061784020643,24.855495886045784,5.356573026514962,0.9979042447073934
1976,22.531654121037334,52.80537067761918,24.662975201343485,5.346927422193281,1.0151707485292125
1977,22.629814547314183,52.85434868899161,24.515836763694214,5.389256834034355,1.029849108704951
1978,22.759096590191135,52.638385240480766,24.6025181693281,5.508381943648152,1.0884409800787265
1979,22.923898542230503,52.42943703102052,24.646664426748973,5.599545354036503,1.186636626319879
1980,22.279434034619758,52.935330810727436,24.78523515465282,5.659024076772445,1.2819804348484
1981,22.120966826220524,53.37605414793192,24.50297902584756,5.586893194786526,1.254608567829003
1982,21.485781908180815,53.34436041666864,25.169857675150535,5.650080581268283,1.359793089663883
1983,21.07106270305301,53.414496902868834,25.514440394078143,5.9845657640336825,1.4397399168489122
1984,21.749275145764337,53.182290109515485,25.068434744720168,6.179872983845432,1.6291463776934512
1985,21.794063982916043,52.8383909399587,25.367545077125264,6.280082794679586,1.598667164858185
1986,21.1452638217933,53.01677399740574,25.837962180800954,6.299381214489748,1.5438919951626175
1987,20.679521204916494,52.217702081687136,27.102776713396366,7.106155061852845,1.9427305836626187
1988,20.260789267178076,50.98142632739003,28.757784405431895,8.539844504522943,2.6096432413655135
1989,20.42510478165255,51.39421579329456,28.180679425052883,7.719925771185296,2.150849725462339
1990,20.375478618049296,51.04024625776075,28.58427512418995,8.176007079532848,2.332629540904797
1991,20.18807290972655,51.43838994272155,28.373537147551893,7.614900570041389,2.0756996431917036
1992,18.94927113942416,51.0292905701375,30.02143829043834,8.896759542819506,2.8089621259383373
1993,19.22524954442835,51.18471133152451,29.59003912404714,8.304278333990924,2.408372306887912
1994,19.465110294768415,51.236388269332764,29.29850143589882,7.973032480744645,2.1647198290213616
1995,19.496836006989426,50.82266492091135,29.680499072099213,8.558981813997034,2.4318177641022154
1996,19.353948049324526,50.16833903491372,30.47771291576175,9.132972484401911,2.7617050464573634
1997,19.377923390180225,49.34388245189242,31.27819415792735,9.770307900978313,3.1463026477657667
1998,19.26284805461281,48.6622128133691,32.074939132018095,10.374288158795324,3.6119802166369577
1999,18.852090550284082,48.06726557309718,33.08064387661874,11.20962836075527,4.183243824597603
2000,18.722325850455064,47.239460830683164,34.038213318861764,12.12693686104187,4.86885168448362
2001,18.866250049440705,47.890476088349075,33.24327386221022,11.06853079063146,3.943225425285849
2002,18.56818572079595,48.63885558832719,32.79295869087686,10.386822833459702,3.4018068913191715
2003,18.223606552921563,48.936927319024804,32.839466128053644,10.378983772651504,3.4107528006000116
2004,18.146793570028024,48.62834785420854,33.22485857576344,10.990461499256012,3.7890726505068333
2005,18.39379659767644,48.4375955356122,33.168607866711355,11.21515474068642,3.9756030483477147
2006,18.539385016536723,47.81130699785362,33.64930798560966,11.447982342290112,4.132318565196888
2007,19.245211197655788,47.443316718881164,33.31147208346305,11.64556884418544,4.281595204854467
2008,18.51785640571647,47.80169631227278,33.68044728201075,11.1974857847266,4.013693121327932
2009,17.961287745773134,48.6084395478511,33.430272706375774,10.330438718401771,3.478625014621545
2010,17.890116489862113,48.28903351856743,33.82084999157046,10.957327674227027,3.6811270202314077
2011,17.491109354642038,48.07451548812192,34.43437515723604,11.11761723859052,3.6821850286534454
2012,17.147144792131073,47.559552407048635,35.2933028008203,11.814173736457873,4.071430673306341
2013,16.979015533825713,48.17208961607598,34.8488948500983,11.548243271285303,3.9417476196525905
2014,16.918205706932586,48.24235256179106,34.83944173127637,11.551702643624942,4.0339007949906085
2015,16.997864986246647,47.97548478233814,35.02665023141522,11.499594857691724,4.014959015009458
2016,16.846274871694018,48.25718305491156,34.89654207339442,11.19291872945875,3.80690771983785
2017,17.501824031611037,47.79757153963145,34.700604428757515,11.382597633071603,4.010255899549202
2018,17.504875427841153,48.18424606239432,34.31087850976453,11.114541407787065,3.8732214903781372
2019,17.861590653237013,48.02449820959311,34.11391113716987,10.95510962134523,3.671738309624468
2020,,,,,
